# Введённые в эксплуатацию дома УР, ввод 2024-01..2026-07 (ЕИСЖС objStatus=2, собрано 22.07.2026 через Chrome)
objId,ЖК,Адрес,Застройщик,Группа,Квартир,Жил.площадь,Этажей,Дата ввода,Цена ₽/м² (посл.)
42243,ЖК Азбука дом 1,"г. Ижевск, ул Молодежная",СЗ ПАНОРАМА,Атлант,448,18817.71,18,2024-01-18,89971
38942,Истории. Жилой дом № 3,"г. Ижевск, улица Фруктовая",КОМОССТРОЙ РЕНУАР СЗ,КОМОССТРОЙ,169,7997.6,18,2024-01-22,97878
38941,Истории. Жилой дом № 2,"г. Ижевск, улица Фруктовая",КОМОССТРОЙ РЕНУАР СЗ,КОМОССТРОЙ,162,8519.7,15,2024-01-22,95429
38940,Истории. Жилой дом № 1,"г. Ижевск, улица Фруктовая",КОМОССТРОЙ РЕНУАР СЗ,КОМОССТРОЙ,160,7569.6,18,2024-01-22,97504
38844,"ЖК""Новая Тверская""","г. Ижевск, ул Тверская","СЗ ТВЕРСКАЯ, 51",,223,9942.47,20,2024-02-28,78960
1805,"ЖК ""Цветочный город"" 8-ой этап","г. Ижевск, район Индустриальный р-н",СЗ ВОСТОК,УК СТИМ,192,6756.4,8,2024-03-01,82126
40103,"""Новый город"", ""Пятый квартал""","г. Ижевск, ул Им В.С.Тарасова",ЛЕГЕНДА,Острова,362,25033.3,17,2024-03-07,104186
44763,"Жилой комплекс ""BershaCity"" Дом 1","г. Ижевск, ул архитектора П.П.Берша",СЗ АСПЭК-ЧАЙКОВСКИЙ,АСПЭК-Домстрой,404,19408.9,17,2024-03-27,100429
48053,"ЖД ""Старт""","г. Ижевск, ул Ракетная",СЗ СТРОИМ ВМЕСТЕ 18,,135,4316.87,18,2024-03-28,99182
42388,"Жилой комплекс ""Друзья""",г. Ижевск,СЗ РЕНТЕК К-5,РЕНТЕК,144,6116.1,18,2024-03-28,156250
42172,Кварталы ARTNOVA дом К1.2,"г. Ижевск, Ул Новаторов",СЗ АСПЭК-СТРОЙ,АСПЭК-Домстрой,68,4259,9,2024-03-29,89617
42171,Кварталы ARTNOVA дом К1.2,"г. Ижевск, Ул Новаторов",СЗ АСПЭК-СТРОЙ,АСПЭК-Домстрой,384,19802.2,18,2024-03-29,93444
45905,Березовая роща ,"г. Ижевск, район Индустриальный",СЗ - УКС АССО-СТРОЙ,АССО-Строй,183,8558,18,2024-04-27,93000
38768,ЖК «Первый дом на Красной»,"г. Ижевск, ул Красная",СЗ ИНДЕКОМ,UDS,72,4168.4,10,2024-05-17,135730
47381,ООО ДОМ-СТРОЙ,"г. Ижевск, ул Халтурина",СЗ ДОМ-СТРОЙ,,75,4372.38,6,2024-06-26,95503
50228,"Жилой комплекс ""ZNAK город будущего ""","с. Первомайский, ул Архитектора Сергея Макарова",СПЕЦЗАСТРОЙЩИК ЖЕЛЕЗНО ИЖЕВСК,Железно,248,15396.35,9,2024-07-18,112365
43969,"ЖК ""Трилогия""","г. Ижевск, ул Шишкина",СЗ ТАЛАН-РЕГИОН-21,Талан,130,8633.36,18,2024-07-29,84073
31941,ЖК «МАТRЁSНКА city» 4 дом,"г. Ижевск, ул. Молодежная",СЗ МАТРЕШКА СИТИ,UDS,220,11898.6,25,2024-07-30,
38190,ЖК «Парус Кортен»,"г. Ижевск, ул Пушкинская",СЗ ПАРУС ЮГ,UDS,66,5268.33,18,2024-07-31,172425
45095,"Жилой комплекс ""Новый Сосновый""",г. Ижевск,СЗ УХТОМСКОГО ОДИН,Ресурс,255,12202.8,19,2024-08-01,102441
43871,Хорошо Жилой дом 5,"г. Ижевск, ул Союзная",КС ШТРАУС СЗ,КОМОССТРОЙ,295,13207.9,18,2024-08-14,99648
43870,Хорошо Жилой дом 4,"г. Ижевск, ул Союзная",КС ШТРАУС СЗ,КОМОССТРОЙ,182,9298.6,18,2024-08-14,90034
45347,"""Жилой дом ""Семья"".Дом на Парковой""","г. Ижевск, Парковая",СЗ ХОЛМЫ-2,Зардон-групп,338,16504.35,18,2024-08-22,93111
49575,ЖК Копенгаген.Литвинова 12,г. Ижевск,СЗ БАВАРИЯ СТРОЙ,,36,1899.84,3,2024-09-18,19126
49195,"""Приоритет""","г. Ижевск, ул Фронтовая",СЗ МЕЯ,,79,3962.07,9,2024-09-25,102609
42829,"Микрорайон ""Богатыри"" Жилой дом 10",с/п Хохряковское,СПЕЦЗАСТРОЙЩИК РАЗВИТИЕ,,150,7433.6,9,2024-09-26,108591
47769,Город оружейников.Жилой дом 15,с. Первомайский,КС СЕЗАНН СЗ,КОМОССТРОЙ,212,8942.9,11,2024-09-30,97085
47768,Город оружейников.Жилой дом 14,с. Первомайский,КС СЕЗАНН СЗ,КОМОССТРОЙ,81,3827.1,11,2024-09-30,88448
47767,Город оружейников.Жилой дом 13,с. Первомайский,КС СЕЗАНН СЗ,КОМОССТРОЙ,212,8942.9,11,2024-09-30,94871
42749,Покровский,"г. Ижевск, район Индустриальный",КС ПАСКАЛЬ СЗ,КОМОССТРОЙ,429,20792.1,18,2024-09-30,106770
40345,"А14, дом 3","г. Ижевск, ул Камбарская",КОМОССТРОЙ КРАСНАЯ ГОРКА СЗ,КОМОССТРОЙ,96,5326.7,11,2024-09-30,92470
40344,"А14, дом 2","г. Ижевск, ул Камбарская",КОМОССТРОЙ КРАСНАЯ ГОРКА СЗ,КОМОССТРОЙ,160,7895.8,18,2024-09-30,93303
40343,"А14, дом 1","г. Ижевск, ул Камбарская",КОМОССТРОЙ КРАСНАЯ ГОРКА СЗ,КОМОССТРОЙ,182,9254.5,18,2024-09-30,98754
48175,"""Новый восход на Воткинском шоссе""","г. Ижевск, ш Воткинское",УК ИНКОМ,Острова,128,7421,10,2024-10-03,110105
48923,Жиvoй комплекс Настроение,"г. Ижевск, ул Васнецова",СЗ 40 ЛЕТ ПОБЕДЫ-7,АССО-Строй,214,8842.6,18,2024-10-30,102486
42638,Утро на Репина.Жилой дом 4,"г. Ижевск, ул им Репина",КАНТ СЗ,КОМОССТРОЙ,128,7232.1,18,2024-11-01,99231
42637,Утро на Репина.Жилой дом 3,"г. Ижевск, ул им Репина",КАНТ СЗ,КОМОССТРОЙ,101,6317,18,2024-11-01,98572
42636,Утро на Репина.Жилой дом 2,"г. Ижевск, ул им Репина",КАНТ СЗ,КОМОССТРОЙ,96,5411.7,11,2024-11-01,98859
42635,Утро на Репина.Жилой дом 1,"г. Ижевск, ул им Репина",КАНТ СЗ,КОМОССТРОЙ,197,10742.4,18,2024-11-01,96444
40728,"ЖК""Холмогоровский-4""","г. Ижевск, ул Новая Восьмая",КС ХОЛМОГОРОВСКИЙ СЗ,КОМОССТРОЙ,152,8460.6,18,2024-11-15,96171
40727,"ЖК""Холмогоровский-4""","г. Ижевск, ул Новая Восьмая",КС ХОЛМОГОРОВСКИЙ СЗ,КОМОССТРОЙ,438,24529.6,18,2024-11-15,102527
48076,Мой Зенит,"г. Ижевск, ул Советская",КОМОССТРОЙ ШУБЕРТ СЗ,КОМОССТРОЙ,105,5444,17,2024-11-20,135274
48075,Мой Зенит,"г. Ижевск, ул Советская",КОМОССТРОЙ ШУБЕРТ СЗ,КОМОССТРОЙ,69,4179.3,16,2024-11-20,114891
52828,"Жилой комплекс ""ZNAK город будущего ""","с. Первомайский, улица Строителя Николая Шишкина",СПЕЦЗАСТРОЙЩИК ЖЕЛЕЗНО ИЖЕВСК,Железно,169,10512.9,9,2024-11-27,107064
54360,ЖК НА САДОВОЙ,"г. Можга, Улица Наговицына",СЗ СТРОИТЕЛЬ,,153,8283,10,2024-12-11,70990
44238,"""Новый город"", ""Шестой квартал""","г. Ижевск, ул Фруктовая",ЛИДЕР,Острова,400,22555.6,17,2024-12-11,141776
48691,ЖК КЛЮЧЕВОЙ ПОСЕЛОК 83А,"г. Ижевск, Улица Ключевой посёлок",СЗ КУБСТРОЙ,КОМОССТРОЙ,180,8987.5,18,2024-12-16,119969
31944,ЖК «ЕЛКИ» 3 дом ЖК Ёлки,"г. Ижевск, Улица Им Конструктора Калашникова М.Т.",УДС-СИТИ,UDS,213,10152.6,17,2024-12-19,125618
53911,"Жилой комплекс ""ZNAK город будущего ""","с. Первомайский, ул Строителя Николая Шишкина",СПЕЦЗАСТРОЙЩИК ЖЕЛЕЗНО ИЖЕВСК,Железно,141,8672.83,9,2024-12-25,104771
53054,"Жилой комплекс ""ZNAK город будущего ""","с. Первомайский, ул Строителя Николая Шишкина",СПЕЦЗАСТРОЙЩИК ЖЕЛЕЗНО ИЖЕВСК,Железно,176,11096.05,9,2024-12-25,114814
45341,РЕГАРД жилой квартал,"г. Ижевск, ш Воткинское","СЗ ТВЕРСКАЯ, 51",,213,12416.8,26,2024-12-25,99970
51260,"Эко-квартал ""Forest"" дом 5","г. Ижевск, ул 40 лет Победы",СЗ АСПЭК-М,АСПЭК-Домстрой,118,6353.7,18,2024-12-26,106923
51035,ЖК Квартал на Горького,"г. Ижевск, Улица Максима Горького",СЗ ГРИБОЕДОВ,UDS,63,3276.05,11,2024-12-26,141248
49723,Город оружейников.Жилой дом 18,Село Первомайский,КС СЕЗАНН СЗ,КОМОССТРОЙ,84,3959,11,2024-12-26,112312
49721,Город оружейников. Жилой дом 16,Село Первомайский,КС СЕЗАНН СЗ,КОМОССТРОЙ,84,3959,11,2024-12-26,98586
47491,Норвежский лес,"г. Ижевск, ул Ворошилова",КОМОССТРОЙ ПАМИР СЗ,КОМОССТРОЙ,160,8201.2,18,2024-12-26,114106
47490,Норвежский лес,"г. Ижевск, ул Ворошилова",КОМОССТРОЙ ПАМИР СЗ,КОМОССТРОЙ,160,8201.2,18,2024-12-26,107448
50508,"Жилой комплекс ""Неон Сити"" д.5","г. Ижевск, Улица Васнецова",СЗ СТРОИТЕЛЬ,УК СТИМ,247,7311.74,18,2024-12-27,119953
46232,"Дом большого города ""Монблан""",г. Ижевск,СЗ КОНКОРД,Символ Девелопмент,149,9125.9,18,2024-12-27,145573
61176,,"г. Глазов, Улица Калинина",ФИНИСТ ГРУПП,СТРОЙ-ЦЕНТР,84,4124.86,16,2025-01-27,105119
47797,ЖК ТАЛИСМАН,г. Ижевск,СЗ ТАЛИСМАН,Федерация,266,16279,18,2025-01-29,113359
45692,"ЖК ""Фамильный дом"". Жилой дом 1","г. Ижевск, Улица Кунгурцева Е.М",СЗ РЕНТЕК К-4,РЕНТЕК,274,12994.25,18,2025-02-11,124909
51043,ЖК Речной парк-дом 3,"г. Ижевск, Улица Клубная",СЗ РЕЧНОЙ ПАРК,UDS,108,4930.4,10,2025-02-27,100338
50667,РЕГАРД жилой квартал,"г. Ижевск, Улица Воткинское шоссе","СЗ ТВЕРСКАЯ, 51",,323,15320.23,18,2025-02-27,153581
44494,"ЖК ""Времена года"" Дом 2 ""Лето красное""","г. Ижевск, район Ленинский",СЗ ХОЛМЫ-2,Зардон-групп,323,12810.15,19,2025-03-06,96023
47073,"ЖК ""Друзья"". Этап 3 - секция 3",г. Ижевск,СЗ РЕНТЕК К-5,РЕНТЕК,216,8276.9,26,2025-03-10,122663
46758,"ЖК ""Друзья"". Этап 2, секция 2",г. Ижевск,СЗ РЕНТЕК К-5,РЕНТЕК,168,7378.1,26,2025-03-10,150569
49032,"Парк-квартал ""Атмосфера""",г. Ижевск,СЗ РЕСУРС-БИЛДИНГ,Талан,106,5793.5,14,2025-03-24,108461
49031,"Парк-квартал ""Атмосфера""","г. Ижевск, ул Новая Восьмая",СЗ РЕСУРС-БИЛДИНГ,Талан,188,11626.2,18,2025-03-24,97606
61731,Чекерил Village,"г. Ижевск, Улица Загорская",СЗ АЭРОПЛАН СИТИ,Аэроплан,1,101.7,2,2025-03-26,86642
61730,Чекерил Village,"г. Ижевск, Улица Загорская",СЗ АЭРОПЛАН СИТИ,Аэроплан,1,115.3,2,2025-03-26,
61729,Чекерил Village,"г. Ижевск, Улица Загорская",СЗ АЭРОПЛАН СИТИ,Аэроплан,1,118.5,2,2025-03-26,
61728,Чекерил Village,"г. Ижевск, Улица Загорская",СЗ АЭРОПЛАН СИТИ,Аэроплан,1,101.8,2,2025-03-26,
48176,"""Новый восход на Воткинском шоссе""","г. Ижевск, ш Воткинское",УК ИНКОМ,Острова,184,8939.7,25,2025-03-28,100078
51041,ЖК Новая Клубная,"г. Ижевск, Улица Зои Космодемьянской, ул. Клубная",СЗ ДОМ-ИНВЕСТ,UDS,115,4646.9,18,2025-03-31,98676
49753,Санвилл.Жилой дом 4,Село Первомайский,КОМОССТРОЙ БОРН СЗ,КОМОССТРОЙ,40,2491.2,6,2025-03-31,113635
49752,Санвилл. Жилой дом 3,Село Первомайский,КОМОССТРОЙ БОРН СЗ,КОМОССТРОЙ,256,10858.8,6,2025-03-31,114513
49724,Город оружейников.Жилой дом 19,Село Первомайский,КС СЕЗАНН СЗ,КОМОССТРОЙ,218,9193.2,11,2025-03-31,121602
49722,Город оружейников.Жилой дом 17,Село Первомайский,КС СЕЗАНН СЗ,КОМОССТРОЙ,287,11970.2,11,2025-03-31,108300
48153,"ЖК""ТЕТРИС""","г. Ижевск, Улица Ленинградская",СЗ РЕСУРСЛЕНСТРОЙ,Ресурс,179,7033.7,18,2025-03-31,116121
50069,ЖК МАНДАРИН,Село Октябрьский,СЗ ЭТАЖИ,1000 Этажей,233,10377.88,6,2025-04-03,88368
53356,Жиvoй комплекс Настроение ,"г. Ижевск, Улица Васнецова",СЗ 40 ЛЕТ ПОБЕДЫ-9,АССО-Строй,213,8842.7,18,2025-04-04,107136
48476,,"г. Сарапул, Улица Электрозаводская",СЗ ОЗЕР,,60,4285.37,11,2025-04-22,83643
59090,"Торговый центр ""Пятый Элемент""",Село Первомайский,СПЕЦЗАСТРОЙЩИК ЖЕЛЕЗНО,Железно,0,0,3,2025-04-23,
59052,"Торговый центр ""Пятый Элемент""","Село Первомайский, ул",СПЕЦЗАСТРОЙЩИК ЖЕЛЕЗНО,Железно,0,0,3,2025-04-23,123958
59050,"Торговый центр ""Пятый элемент""","Село Первомайский, ул",СПЕЦЗАСТРОЙЩИК ЖЕЛЕЗНО,Железно,0,0,2,2025-04-23,149588
58263,"Торговый центр ""Пятый Элемент""","Село Первомайский, ул",СПЕЦЗАСТРОЙЩИК ЖЕЛЕЗНО,Железно,0,0,2,2025-04-23,249300
56427,"Торговый центр ""Пятый элемент""","Село Первомайский, ул",СПЕЦЗАСТРОЙЩИК ЖЕЛЕЗНО,Железно,0,0,2,2025-04-23,169812
49313,ЖК Притяжение,"г. Ижевск, Улица Выборная",СЗ СТРОЙ-ИНВЕСТ,Аэроплан,186,8931.89,18,2025-05-12,107045
42118,ЖК Речной парк-дом 1,"г. Ижевск, Улица Клубная",СЗ КВАРТАЛ,UDS,349,15177.85,26,2025-05-23,122421
50052,"ЖК ""Времена года"" Дом 1 ""Лето красное""",г. Ижевск,СЗ ХОЛМЫ-2,Зардон-групп,244,7261.08,19,2025-06-17,103032
54361,ЖК НА САДОВОЙ,"г. Можга, Улица Наговицына",СЗ СТРОИТЕЛЬ,,144,8081.5,10,2025-06-24,73758
51760,"ЖК ""Трилогия""","г. Ижевск, Улица Шишкина",СЗ ТАЛАН-РЕГИОН-39,Талан,130,8633.36,18,2025-06-26,97919
51759,"ЖК ""Трилогия""","г. Ижевск, Улица Шишкина",СЗ ТАЛАН-РЕГИОН-39,Талан,130,8633.36,18,2025-06-26,134028
51003,ЖК Арден на Ключевом,"г. Ижевск, Улица Ключевой посёлок",СЗ КЛЮЧ,,346,14225.96,18,2025-07-15,123819
52848,"Жилой комплекс ""BershaCity"" Дом 2","г. Ижевск, ул Архитектора П.П.Берша",СЗ АСПЭК-ЧАЙКОВСКИЙ,АСПЭК-Домстрой,240,10227.7,17,2025-07-17,114558
46129,Михайловский,"г. Ижевск, Улица Бородина",КОМОССТРОЙ РАФАЭЛЬ СЗ,КОМОССТРОЙ,126,11875.8,11,2025-07-30,194435
55288,ЖК Квартал на Горького,"г. Ижевск, Улица Красная",СЗ ГРИБОЕДОВ,UDS,104,4967.05,10,2025-08-05,145439
55442,"Жилой комплекс ""ZNAK город будущего ""","с. Первомайский, ул Строителя Николая Шишкина",СПЕЦЗАСТРОЙЩИК ЖЕЛЕЗНО ИЖЕВСК,Железно,187,11494.63,9,2025-08-06,108729
49231,ЖК Пять континентов,"г. Ижевск, Улица Карла Маркса",СЗ КОНТИНЕНТ,UDS,178,9353.55,18,2025-09-23,150929
48938,Ежевика.Жилой дом 9,г. Ижевск,КС ЭТАЖИ СЗ,КОМОССТРОЙ,249,11063.2,18,2025-09-25,132068
48937,Ежевика.Жилой дом 8,г. Ижевск,КС ЭТАЖИ СЗ,КОМОССТРОЙ,180,8585.5,17,2025-09-25,116302
54319,"ЖК ""РИО"" ДОМ1 и ДОМ2","г. Ижевск, Улица Магистральная",СЗ КАЛИНКА ФЭМИЛИ,Калинка Групп,237,8314.74,18,2025-09-26,129898
47493,Скандинавия,"г. Ижевск, ул Васнецова",КС АБСОЛЮТ СЗ,КОМОССТРОЙ,335,16363.2,18,2025-09-29,125066
50668,РЕГАРД жилой квартал,"г. Ижевск, Улица Воткинское шоссе","СЗ ТВЕРСКАЯ, 51",,256,14836.14,18,2025-09-30,116094
44232,ЖК Финский квартал.Жилой дом 1,"г. Ижевск, Улица Союзная",СПЕНСЕР СЗ,КОМОССТРОЙ,370,19397,18,2025-09-30,115976
55771,Город оружейников.Жилой дом 24,с. Первомайский,КС СЕЗАНН СЗ,КОМОССТРОЙ,81,3827.1,11,2025-10-02,116683
55770,Город оружейников.Жилой дом 23,с. Первомайский,КС СЕЗАНН СЗ,КОМОССТРОЙ,89,4193.7,11,2025-10-02,139864
55769,Город оружейников.Жилой дом 22,с. Первомайский,КС СЕЗАНН СЗ,КОМОССТРОЙ,232,9681.6,11,2025-10-02,135991
55768,Город оружейников.Жилой дом 21,с. Первомайский,КС СЕЗАНН СЗ,КОМОССТРОЙ,81,3827.1,11,2025-10-02,124455
55767,Город оружейников.Жилой дом 20,с. Первомайский,КС СЕЗАНН СЗ,КОМОССТРОЙ,321,13214.5,11,2025-10-02,127704
51014,Покровский,"г. Ижевск, ул Серова",КС ВАГНЕР СЗ,КОМОССТРОЙ,166,8516.1,18,2025-10-03,107644
51012,Покровский,"г. Ижевск, ул Серова",КС ВАГНЕР СЗ,КОМОССТРОЙ,166,8483.1,18,2025-10-03,101205
57847,Жилой комплекс «ZNAK город будущего»,"с. Первомайский, ул Строителя Николая Шишкина",СПЕЦЗАСТРОЙЩИК ЖЕЛЕЗНО ИЖЕВСК,Железно,165,9976.01,9,2025-10-15,116451
55206,Березовая роща,"г. Ижевск, Улица 8 Марта",СЗ ДОМ,АССО-Строй,180,8416.8,18,2025-10-21,140186
48094,Чехов Квартал Премьерный дом,"г. Ижевск, Улица Чехова",СЗ РУССКИЙ ДОМ+,Литум,141,8116.67,18,2025-10-27,147439
51491,"""Калинка Парк. Жилой Дом 3""","г. Ижевск, Улица Васнецова",СЗ КАЛИНКА СМАРТ 3,Калинка Групп,361,14524.36,18,2025-10-28,154565
50053,"""Новый восход на Воткинском шоссе""","г. Ижевск, ш Воткинское",УК ИНКОМ,Острова,198,10930.8,11,2025-10-29,104963
52410,"Жилой комплекс ""Семейный парк 2""","г. Ижевск, Улица 1-я Подлесная",СЗ МЕТАЛЛУРГ-18,УК СТИМ,153,8313.65,19,2025-10-30,129393
49857,"ЖК ""Седьмое Небо"" (Дом Четвертый)",г. Ижевск,СЗ ВЫСОТА,Литум,240,12102.65,27,2025-11-07,127914
58283,Эко-квартал Forest дом 6,"г. Ижевск, Улица Васнецова",СЗ ВОСТОЧНЫЙ ЛЕС,АСПЭК-Домстрой,149,6731.4,16,2025-12-18,126462
46301,"Микрорайон ""Богатыри"" Жилой дом №12",Деревня Хохряки,СПЕЦЗАСТРОЙЩИК РАЗВИТИЕ,,156,6654.1,9,2025-12-18,116695
49314,ЖК Притяжение,"г. Ижевск, Улица Выборная",СЗ СТРОЙ-ИНВЕСТ,Аэроплан,187,8268.1,18,2025-12-22,124009
61330,Жилой комплекс «ZNAK город будущего»,Село Первомайский,СПЕЦЗАСТРОЙЩИК ЖЕЛЕЗНО ИЖЕВСК,Железно,143,8098.72,9,2025-12-24,116293
60117,Жилой комплекс «ZNAK город будущего»,Село Первомайский,СПЕЦЗАСТРОЙЩИК ЖЕЛЕЗНО ИЖЕВСК,Железно,130,7270.58,8,2025-12-24,118422
59056,Таун-парк Спасский 1884,Деревня Хохряки,СЗ РЕГИОН-2,Федерация,5,625.29,2,2025-12-26,78324
59055,Таун-парк Спасский 1884,Деревня Хохряки,СЗ РЕГИОН-2,Федерация,6,720.08,2,2025-12-26,85919
58856,Таун-парк Спасский 1884,Деревня Хохряки,СЗ РЕГИОН-2,Федерация,5,711.93,3,2025-12-26,
49544,НЕО,г. Ижевск,КС КЕПЛЕР СЗ,КОМОССТРОЙ,464,20233.3,18,2025-12-29,142664
49508,Истории.Жилые дома 4 5 6 жилой дом 6,"г. Ижевск, ул",КОМОССТРОЙ РОДЕН СЗ,КОМОССТРОЙ,169,7997.6,18,2025-12-29,145545
49507,Истории.ЖД 4 5 6 жилой дом 5 секция 2,"г. Ижевск, ул",КОМОССТРОЙ РОДЕН СЗ,КОМОССТРОЙ,97,5096.9,15,2025-12-29,132682
49506,Истории.ЖД 4 5 6 жилой дом 5 секция 1,"г. Ижевск, ул",КОМОССТРОЙ РОДЕН СЗ,КОМОССТРОЙ,65,3422.4,11,2025-12-29,117592
49505,Истории.Жилые дома 4 5 6 жилой дом 4,"г. Ижевск, ул",КОМОССТРОЙ РОДЕН СЗ,КОМОССТРОЙ,160,7569.6,18,2025-12-29,131697
57895,"ЖК ""Соседи"" 2-ой дом, 1 этап строит.","г. Ижевск, ул Леваневского","СЗ ДРГ-ДОМ.СТРОЙ, ООО СЗ ДРГ-ДОМ.СТРОЙ",,173,7196.5,17,2026-02-10,123031
60914,"ЖК ""Друзья"".Этап №4-секции №4 и №5","г. Ижевск, Шоссе Воткинское",СЗ РЕНТЕК К-5,РЕНТЕК,98,4008.2,18,2026-02-26,147838
50289,"ЖК Кислород ""Экоквартал Кислород""",г. Ижевск,СЗ РЕНТЕК ЗАЛЕСНЫЙ,РЕНТЕК,284,11816.4,23,2026-02-26,141947
52885,ЖК Пять континентов,"г. Ижевск, Улица Карла Маркса",СЗ КОНТИНЕНТ,UDS,124,7264.85,13,2026-02-27,181919
50054,"""Новый восход на Воткинском шоссе""","г. Ижевск, Улица Воткинское шоссе",УК ИНКОМ,Острова,153,8187.1,25,2026-02-27,123419
58323,Настроение,"г. Ижевск, Улица",СЗ 40 ЛЕТ ПОБЕДЫ-7,АССО-Строй,208,8636.6,18,2026-03-04,134550
50627,Леонов. Первый дом квартала героев,г. Ижевск,СЗ АРСЕНАЛ,Символ Девелопмент,397,19011.7,18,2026-03-04,129735
52849,"Жилой комплекс ""BershaCity"" Дом 2","г. Ижевск, Улица Архитектора П.П.Берша",СЗ АСПЭК-ЧАЙКОВСКИЙ,АСПЭК-Домстрой,240,10227.9,17,2026-03-05,128194
48861,ЛАЙТХАУС,"г. Ижевск, Улица 50 лет Пионерии",СЗ ПИОНЕР,Ресурс,214,11341.3,17,2026-03-17,185843
49755,Санвилл.Жилой дом 6,Село Первомайский,КОМОССТРОЙ БОРН СЗ,КОМОССТРОЙ,45,2453,6,2026-03-26,139701
49754,Санвилл.Жилой дом 5,Село Первомайский,КОМОССТРОЙ БОРН СЗ,КОМОССТРОЙ,258,11252.3,6,2026-03-26,142547
46300,"Микрорайон ""Богатыри"" Жилой дом 11",Деревня Хохряки,СПЕЦЗАСТРОЙЩИК РАЗВИТИЕ,,135,5576.9,9,2026-03-27,129384
64887,"ЖК ""Орловский""","г. Глазов, Улица Пехтина",ФИНИСТ ГРУПП,СТРОЙ-ЦЕНТР,69,3369.2,9,2026-03-30,101243
56876,Леонов. Второй дом квартала героев,г. Ижевск,СЗ АРСЕНАЛ,Символ Девелопмент,101,5153.5,18,2026-03-30,161745
58813,ЖК Арден на Селтинской,"г. Ижевск, ул Луначарского",СЗ ЭЛЛИПССТРОЙ,,203,8806.57,18,2026-04-01,126333
58886,ЖК Новый горизонт ,"г. Сарапул, ул Труда",СЗ СТРОИМ ВМЕСТЕ САРАПУЛ,,119,7405.98,8,2026-05-19,105612
55756,ЖК Краски Леса,г. Ижевск,СЗ ОЗОН,,246,8996.63,18,2026-06-05,134396
51605,"ЖК ""Успенский"" (вторая очередь)","г. Ижевск, ул",СЗ ИЖРЕГИОНСТРОЙ,,370,16153.99,18,2026-06-25,118229
56912,Покровский. Жилой дом 4,"г. Ижевск, Улица 10 лет Октября",КС ВАГНЕР СЗ,КОМОССТРОЙ,181,8467.8,18,2026-06-30,140628
54423,Кварталы АРТНОВА дом К5.3,"г. Ижевск, Улица Союзная",СЗ АСПЭК-А,АСПЭК-Домстрой,117,6863,11,2026-07-06,156346
54422,Кварталы АРТНОВА дом К5.2,"г. Ижевск, Улица Союзная",СЗ АСПЭК-А,АСПЭК-Домстрой,160,7299.2,18,2026-07-06,149095
52978,"""Экопарк ""Лесная гавань""","Село Октябрьский, Улица Пермская",СПЕЦСТРОЙ ПЗСП-ИЖЕВСК,ПЗСП,292,11110.21,11,2026-07-20,108163
