# Источник: наш.дом.рф ЕИСЖС API /сервисы/api/kn/object + /сервисы/api/object/{id}, region place=18
# Собрано: 2026-07-08T06:56:30.529Z
# Всего домов: 118; с карточкой: 118
ID дома (objId),hobjId,№ разрешения (РС),ЖК,Адрес,Район/город,Застройщик,Группа компаний,ИНН застройщика,Этажность (мин),Этажность (макс),Материал стен,Класс жилья,Срок сдачи (план 100%),"Квартир, шт","Жилая площадь, м²","Распродано, %","Цена, ₽/м²",Цена на дату,Генподрядчик,Эскроу,Проблемный,Статус,Опубликован,Широта,Долгота,Есть карточка (1/0)
66998,148235,18-000756,"""Город-парк""",Село Октябрьский,Завьялово,СЗ ТАЛАН-РЕГИОН-46,Талан,1841106906,1,10,Монолит-кирпич,Комфорт,2027-12-31,485,23864.8,34.9,108349,2026-05-01,ООО Элитстрой (ИНН: 1831080198),да,нет,Строящиеся,2025-08-06,56.8492,53.3204,1
65444,146618,18-000747,"""Калинка Парк. Жилой Дом 4""","Город Ижевск, Улица Васнецова",Ижевск,СЗ КАЛИНКА СМАРТ 4,Калинка Групп,1840098459,16,18,Монолит-кирпич,Комфорт,2028-06-30,363,15368.15,36.6,132176,2026-06-01,ООО Альфастрой (ИНН: 1840096532),да,нет,Строящиеся,2025-04-17,56.8611,53.2737,1
52978,133689,18-000620,"""Экопарк ""Лесная гавань""",Село Октябрьский,Завьялово,СПЕЦСТРОЙ ПЗСП-ИЖЕВСК,ПЗСП,1831191525,11,11,Блоки,Комфорт,2026-09-30,293,11153.71,64.6,108163,2026-06-01,"ООО ""Спецстрой ПЗСП"" (ИНН: 5903135223)",да,нет,Строящиеся,2023-07-05,56.8386,53.3378,1
71347,152779,18-000779,«Город-парк. Квартал Исторический»,Село Октябрьский,Завьялово,ГРИНТАУН,Острова,1831121711,2,11,Монолит-кирпич,Комфорт,2029-06-30,390,20196.4,,,,ООО ЭЛИТСТРОЙ (ИНН: 1831080198),да,нет,Строящиеся,2026-04-13,56.8501,53.323,1
60191,140945,18-000712,"«Новый город», «Седьмой квартал»","город Ижевск, Улица Фруктовая",Ижевск,НОВЫЙ ГОРОД,Острова,1840044284,2,16,Монолит-кирпич,Комфорт,2027-06-30,284,15090.2,51.6,153348,2026-06-01,"ООО ""Морган"" (ИНН: 1831208440)",да,нет,Строящиеся,2024-06-11,56.8802,53.1943,1
68865,150263,18-000769,А14 (жилой дом №10),"Город Ижевск, Улица Камбарская",Ижевск,КОМОССТРОЙ КРАСНАЯ ГОРКА СЗ,КОМОССТРОЙ,1831194501,25,25,Монолит-кирпич,Комфорт,2030-06-30,261,12518.7,,,,"ООО ""ГЛАВСПЕЦСТРОЙ"" (ИНН: 1831128756)",да,нет,Строящиеся,2025-11-18,56.8382,53.3006,1
68861,150259,18-000769,А14 (жилой дом №6),"Город Ижевск, Улица Камбарская",Ижевск,КОМОССТРОЙ КРАСНАЯ ГОРКА СЗ,КОМОССТРОЙ,1831194501,18,18,Монолит-кирпич,Комфорт,2029-03-31,208,9147.7,9.4,125545,2026-06-01,"ООО ""ГЛАВСПЕЦСТРОЙ"" (ИНН: 1831128756)",да,нет,Строящиеся,2025-11-18,56.8384,53.3005,1
68862,150260,18-000769,А14 (жилой дом №7),"Город Ижевск, Улица Камбарская",Ижевск,КОМОССТРОЙ КРАСНАЯ ГОРКА СЗ,КОМОССТРОЙ,1831194501,18,18,Монолит-кирпич,Комфорт,2029-03-31,160,7755,5.6,127121,2026-06-01,"ООО ""ГЛАВСПЕЦСТРОЙ"" (ИНН: 1831128756)",да,нет,Строящиеся,2025-11-18,56.8384,53.3009,1
68863,150261,18-000769,А14 (жилой дом №8),"Город Ижевск, Улица Камбарская",Ижевск,КОМОССТРОЙ КРАСНАЯ ГОРКА СЗ,КОМОССТРОЙ,1831194501,11,11,Монолит-кирпич,Комфорт,2029-06-30,106,5013.5,,,,"ООО ""ГЛАВСПЕЦСТРОЙ"" (ИНН: 1831128756)",да,нет,Строящиеся,2025-11-18,56.8384,53.3009,1
68864,150262,18-000769,А14 (жилой дом №9),"Город Ижевск, Улица Камбарская",Ижевск,КОМОССТРОЙ КРАСНАЯ ГОРКА СЗ,КОМОССТРОЙ,1831194501,15,15,Монолит-кирпич,Комфорт,2029-06-30,154,7964.2,,,,"ООО ""ГЛАВСПЕЦСТРОЙ"" (ИНН: 1831128756)",да,нет,Строящиеся,2025-11-18,56.8384,53.3005,1
53896,134564,18-000626,"А14, дом 5","Город Ижевск, ул Камбарская",Ижевск,КОМОССТРОЙ КРАСНАЯ ГОРКА СЗ,КОМОССТРОЙ,1831194501,26,26,Монолит-кирпич,Комфорт,2026-09-30,261,12470.9,75.6,119666,2026-06-01,"ООО ""ГЛАВСПЕЦСТРОЙ"" (ИНН: 1831128756)",да,нет,Строящиеся,2023-08-28,56.8383,53.3029,1
65602,146776,18-000748,Город оружейников № 35,Село Первомайский,Завьялово,КС СЕЗАНН СЗ,КОМОССТРОЙ,1831191300,10,11,Монолит-кирпич,Комфорт,2028-09-30,232,9649.6,10.6,131726,2026-06-01,"ООО ""ГЛАВСПЕЦСТРОЙ"" (ИНН: 1831128756)",да,нет,Строящиеся,2025-04-28,56.8664,53.3207,1
65603,146777,18-000748,Город оружейников № 36,Село Первомайский,Завьялово,КС СЕЗАНН СЗ,КОМОССТРОЙ,1831191300,10,11,Монолит-кирпич,Комфорт,2028-09-30,243,10356.1,6.1,128674,2026-06-01,"ООО ""ГЛАВСПЕЦСТРОЙ"" (ИНН: 1831128756)",да,нет,Строящиеся,2025-04-28,56.8677,53.322,1
65604,146778,18-000748,Город оружейников № 37,Село Первомайский,Завьялово,КС СЕЗАНН СЗ,КОМОССТРОЙ,1831191300,10,11,Монолит-кирпич,Комфорт,2028-09-30,81,3770.9,4.6,107052,2026-06-01,"ООО ""ГЛАВСПЕЦСТРОЙ"" (ИНН: 1831128756)",да,нет,Строящиеся,2025-04-28,56.8665,53.3228,1
65100,146270,18-000740,Город оружейников. Жилой дом № 25,Село Первомайский,Завьялово,КС СЕЗАНН СЗ,КОМОССТРОЙ,1831191300,11,11,Монолит-кирпич,Комфорт,2027-06-30,81,3827.1,59.3,129536,2026-06-01,ООО ГЛАВСПЕЦСТРОЙ (ИНН: 1831128756),да,нет,Строящиеся,2025-03-27,56.8688,53.3186,1
65101,146271,18-000740,Город оружейников. Жилой дом № 26,Село Первомайский,Завьялово,КС СЕЗАНН СЗ,КОМОССТРОЙ,1831191300,11,11,Монолит-кирпич,Комфорт,2027-06-30,198,8429,57.8,138064,2026-06-01,ООО ГЛАВСПЕЦСТРОЙ (ИНН: 1831128756),да,нет,Строящиеся,2025-03-27,56.8682,53.3187,1
65102,146272,18-000740,Город оружейников. Жилой дом № 27,Село Первомайский,Завьялово,КС СЕЗАНН СЗ,КОМОССТРОЙ,1831191300,11,11,Монолит-кирпич,Комфорт,2027-06-30,81,3827.1,36.8,142675,2026-06-01,ООО ГЛАВСПЕЦСТРОЙ (ИНН: 1831128756),да,нет,Строящиеся,2025-03-27,56.8692,53.3188,1
65103,146273,18-000740,Город оружейников. Жилой дом № 28,Село Первомайский,Завьялово,КС СЕЗАНН СЗ,КОМОССТРОЙ,1831191300,11,11,Монолит-кирпич,Комфорт,2027-06-30,89,4194,58.7,145354,2026-06-01,ООО ГЛАВСПЕЦСТРОЙ (ИНН: 1831128756),да,нет,Строящиеся,2025-03-27,56.8683,53.3195,1
65104,146274,18-000740,Город оружейников. Жилой дом № 29,Село Первомайский,Завьялово,КС СЕЗАНН СЗ,КОМОССТРОЙ,1831191300,11,11,Монолит-кирпич,Комфорт,2027-06-30,81,3826.2,32.8,140822,2026-06-01,ООО ГЛАВСПЕЦСТРОЙ (ИНН: 1831128756),да,нет,Строящиеся,2025-03-27,56.8691,53.3198,1
65105,146275,18-000740,Город оружейников. Жилой дом № 30,Село Первомайский,Завьялово,КС СЕЗАНН СЗ,КОМОССТРОЙ,1831191300,11,11,Монолит-кирпич,Комфорт,2027-06-30,316,13025.2,30.4,139417,2026-06-01,ООО ГЛАВСПЕЦСТРОЙ (ИНН: 1831128756),да,нет,Строящиеся,2025-03-27,56.8685,53.3199,1
64643,145808,18-000716,ДОМ на Герцена,"Город Ижевск, Улица Герцена",Ижевск,СЗ ВОСТОЧНЫЙ КВАРТАЛ,Парус,1840070220,19,19,Монолит-кирпич,Комфорт,2027-12-31,115,5118.2,32.3,117436,2026-05-01,ООО СТРОИТЕЛЬНЫЕ ГОРИЗОНТЫ (ИНН: 1800017365),да,нет,Строящиеся,2025-02-24,56.8532,53.2523,1
61180,141994,18-000716,ДОМ на Герцена,"Город Ижевск, Улица Герцена",Ижевск,СЗ ВОСТОЧНЫЙ КВАРТАЛ,Парус,1840070220,1,18,Монолит-кирпич,Комфорт,2027-06-30,167,9272.6,32.3,108811,2026-05-01,ООО СТРОИТЕЛЬНЫЕ ГОРИЗОНТЫ (ИНН: 1800017365),да,нет,Строящиеся,2024-07-29,56.8532,53.2519,1
66142,147320,18-000751,ДОММ,"Город Ижевск, Улица Максима Горького",Ижевск,СЗ ВР-ИНВЕСТ,,1831201413,7,7,Монолит-кирпич,Элитный,2026-12-31,22,1746.6,14.0,281000,2025-10-01,"ООО ""ДОБРОСТРОЙ"" (ИНН: 1840009402)",да,нет,Строящиеся,2025-06-02,56.8549,53.1962,1
68560,149926,18-000764,Дом Природы,"Город Ижевск, Улица Якшур-Бодьинский тракт",Ижевск,СЗ КВАРТАЛ,,1831201942,18,18,Монолит-кирпич,Комфорт,2028-06-30,148,8232.56,22.5,146161,2026-05-01,ООО Премиум (ИНН: 1832157982),да,нет,Строящиеся,2025-10-27,56.8781,53.1703,1
70370,151800,18-000776,Дом на Песочной,"Город Ижевск, Улица Песочная",Ижевск,КС ВЫСОТА СЗ,КОМОССТРОЙ,1831157281,14,16,Другое,Бизнес,2029-12-31,194,10627.6,1.0,202482,2026-06-01,ООО СУ-18 (ИНН: 1831137937),да,нет,Строящиеся,2026-02-16,56.8715,53.1675,1
65159,146329,18-000741,Ежевика. Жилой дом № 10,"Город Ижевск, Улица Васнецова",Ижевск,КОМОССТРОЙ ОЛИМП СЗ,КОМОССТРОЙ,1831194100,15,17,Монолит-кирпич,Комфорт,2028-09-30,381,18414.9,15.9,142587,2026-06-01,ООО ГЛАВСПЕЦСТРОЙ (ИНН: 1831128756),да,нет,Строящиеся,2025-04-01,56.8689,53.2687,1
62999,143887,18-000725,"ЖД ""Гравитация""","Город Ижевск, Улица Серова",Ижевск,СЗ ЮЖНАЯ,Зардон-групп,1833055334,25,25,Монолит-кирпич,Комфорт,2027-06-30,265,12495.09,43.2,128802,2026-05-01,"ООО ""Профстрой"" (ИНН: 1800029843)",да,нет,Строящиеся,2024-10-29,56.8638,53.2404,1
66926,148153,18-000755,"ЖК ""Достоевский""",Город Воткинск,Воткинск,СЗ СТС,,1841085332,4,4,Кирпич,Типовой,2026-09-30,48,2403.52,34.1,114834,2026-06-01,"ООО Строительная компания ""ДомМастер"" (ИНН: 1840033941)",да,нет,Строящиеся,2025-08-01,57.0706,54.022,1
65006,146176,18-000739,"ЖК ""Достоевский""","Город Воткинск, Район Нефтяник",Воткинск,СЗ СТС,,1841085332,4,4,Кирпич,Типовой,2026-09-30,24,1198.67,38.6,137408,2026-04-01,"ООО Строительная компания ""ДомМастер"" (ИНН: 1840033941)",да,нет,Строящиеся,2025-03-20,57.0705,54.0227,1
71876,153309,18-000786,"ЖК ""Индустриальный""",Город Ижевск,Ижевск,РЕГИОНСТРОЙ,,1841078399,5,5,Монолит-кирпич,Типовой,2026-12-31,20,714.4,,,,,да,нет,Строящиеся,2026-05-26,56.888,53.2573,1
64962,146131,18-000738,"ЖК ""Истории"", Жилые дома№ 7,8",Город Ижевск,Ижевск,КОМОССТРОЙ РОДЕН СЗ,КОМОССТРОЙ,1831200339,1,18,Монолит-кирпич,Комфорт,2028-09-30,320,15587,29.5,162685,2026-06-01,"ООО ""ГЛАВСПЕЦСТРОЙ"" (ИНН: 1831128756)",да,нет,Строящиеся,2025-03-18,56.8746,53.1971,1
66148,147327,18-000752,"ЖК ""Локомотив""",Город Ижевск,Ижевск,СЗ СИТИСТРОЙ,,1800017654,2,19,Монолит-кирпич,Типовой,2027-06-30,186,9203.2,29.1,108333,2026-06-01,ООО Ижстройэксперт (ИНН: 1800035188),да,нет,Строящиеся,2025-06-02,56.7943,53.1763,1
66149,147328,18-000752,"ЖК ""Локомотив""",Город Ижевск,Ижевск,СЗ СИТИСТРОЙ,,1800017654,1,18,Монолит-кирпич,Типовой,2028-06-30,180,8919.8,14.4,110496,2026-06-01,,да,нет,Строящиеся,2025-06-02,56.7933,53.1761,1
66150,147329,18-000752,"ЖК ""Локомотив""",Город Ижевск,Ижевск,СЗ СИТИСТРОЙ,,1800017654,2,18,Монолит-кирпич,Типовой,2029-06-30,181,8862.5,,,,,да,нет,Строящиеся,2025-06-02,56.7937,53.176,1
68682,150048,18-000765,"ЖК ""Малиновка""","Город Ижевск, Улица Джамбула",Ижевск,СЗ ДРГ - ТВЕРСКАЯ,,1800033127,18,18,Монолит-кирпич,Типовой,2028-03-31,673,26496.42,3.4,124893,2026-05-01,"ООО СК ""Добрострой"" (ИНН: 1800001439)",да,нет,Строящиеся,2025-11-05,56.8485,53.1116,1
68274,149630,18-000762,"ЖК ""Министр""","Город Ижевск, Улица Комсомольская",Ижевск,СЗ ОРДЖОНИКИДЗЕ,Федерация,1800018601,1,18,Монолит-кирпич,Комфорт,2028-06-30,143,8619.1,44.5,136487,2026-06-01,"ООО ""ПС-Групп"" (ИНН: 1650274667)",да,нет,Строящиеся,2025-10-13,56.8308,53.229,1
55096,135785,18-000632,"ЖК ""Мюнхен"" Жилой комплекс ""Мюнхен""","Город Ижевск, Улица Героя России Ильфата Закирова",Ижевск,СЗ АИР-СТРОЙ,,1840105000,3,18,Монолит-кирпич,Комфорт,2026-09-30,246,12625.3,42.8,127623,2026-05-01,"ООО Строительная компания ""ЭПЛАС"" (ИНН: 1840089084)",да,нет,Строящиеся,2023-10-23,56.8394,53.2865,1
68338,149694,18-000763,"ЖК ""Новые истории""","Город Глазов, Улица",Глазов,СЗ НАМУС,,1800037266,10,15,Монолит-кирпич,Комфорт,2028-09-30,296,13160.63,24.3,107724,2026-06-01,ООО СК Ремстрой (ИНН: 1840094768),да,нет,Строящиеся,2025-10-16,58.1338,52.6925,1
71413,152845,18-000781,"ЖК ""Оливия"" дом №2","Город Ижевск, Улица Баранова",Ижевск,СЗ ХОЛМЫ-2,Зардон-групп,1831157316,19,19,Монолит-кирпич,Комфорт,2028-12-31,196,9827.4,0.6,110676,2026-05-01,"ООО ""Профстрой"" (ИНН: 1800029843)",да,нет,Строящиеся,2026-04-17,56.8341,53.1304,1
57907,138645,18-000645,"ЖК ""Онегин"" 1 этап строительства","Город Ижевск, ул",Ижевск,СЗ МЕТАЛЛУРГ-5,УК СТИМ,1659197696,17,18,Монолит-кирпич,Комфорт,2026-09-30,185,9205.14,48.6,147579,2026-05-01,"ООО ""СБ-СТРОЙ"" (ИНН: 1800011532)",да,нет,Строящиеся,2024-02-22,56.853,53.2697,1
57908,138646,18-000645,"ЖК ""Онегин"" 2 этап строительства","Город Ижевск, ул",Ижевск,СЗ МЕТАЛЛУРГ-5,УК СТИМ,1659197696,18,18,Монолит-кирпич,Комфорт,2028-03-31,218,8605.25,,,,"ООО ""СБ-СТРОЙ"" (ИНН: 1800011532)",да,нет,Строящиеся,2024-02-22,56.8529,53.2687,1
65277,146448,18-000736,"ЖК ""Орловский""","Город Глазов, Улица Пехтина, д. 17, блок-секция 1",Глазов,ФИНИСТ ГРУПП,СТРОЙ-ЦЕНТР,1837011257,11,11,Кирпич,Комфорт,2027-03-31,81,4343.9,28.6,111787,2026-06-01,ООО Строй-центр (ИНН: 1829014889),да,нет,Строящиеся,2025-04-07,58.1323,52.691,1
65278,146449,18-000736,"ЖК ""Орловский""","Город Глазов, Улица Пехтина, д. 17, блок-секция 3",Глазов,ФИНИСТ ГРУПП,СТРОЙ-ЦЕНТР,1837011257,11,11,Кирпич,Комфорт,2027-12-31,45,2750.8,,,,ООО Строй-центр (ИНН: 1829014889),да,нет,Строящиеся,2025-04-07,58.1325,52.6917,1
71380,152812,18-000780,"ЖК ""Остров впечатлений""","Город Сарапул, Улица Труда",Сарапул,СЗ СТРОИМ ВМЕСТЕ ГОРОД,,1800031391,6,9,Монолит-кирпич,Комфорт,2028-03-31,162,8702.5,3.7,117772,2026-06-01,"ООО СК ""СВ-Строй"" (ИНН: 1800011966)",да,нет,Строящиеся,2026-04-14,56.468,53.822,1
63155,144087,18-000726,"ЖК ""Персона""","Город Ижевск, ул Красногорская",Ижевск,СЗ КАМБАРСКАЯ,Федерация,1800013970,19,20,Монолит-кирпич,Комфорт,2026-09-30,169,11418.32,25.2,114091,2026-06-01,ООО ПС-групп (ИНН: 1650274667),да,нет,Строящиеся,2024-11-07,56.835,53.283,1
54320,134963,18-000629,"ЖК ""РИО"" ДОМ1 и ДОМ2","Город Ижевск, Улица Магистральная",Ижевск,СЗ КАЛИНКА ФЭМИЛИ,Калинка Групп,1831204534,18,18,Монолит-кирпич,Типовой,2027-12-31,220,8703.8,42.2,137448,2026-06-01,"ООО ""Альфастрой"" (ИНН: 1840096532)",да,нет,Строящиеся,2023-09-18,56.8192,53.2107,1
61491,142334,18-000718,"ЖК ""Сенатор""","город Ижевск, ул Воровского",Ижевск,"СЗ ВОРОВСКОГО, 44",Федерация,1800012448,18,18,Монолит-кирпич,Комфорт,2027-03-31,431,20618.4,30.5,119576,2026-06-01,ООО ПС-групп (ИНН: 1650274667),да,нет,Строящиеся,2024-08-16,56.8313,53.2367,1
65306,146480,18-000644,"ЖК ""Соседи"" 3-ий дом 3 секция","Город Ижевск, Улица Леваневского",Ижевск,"СЗ ДРГ-ДОМ.СТРОЙ, ООО СЗ ДРГ-ДОМ.СТРОЙ",,1832160872,1,17,Монолит-кирпич,Комфорт,2027-12-31,144,6675.7,19.1,121836,2026-05-01,"ООО СК ""Добрострой"" (ИНН: 1800001439)",да,нет,Строящиеся,2025-04-10,56.8053,53.1844,1
68268,149624,18-000761,"ЖК ""Фамильный дом"". Жилой дом 2","Город Ижевск, Улица Кунгурцева Е.М.",Ижевск,СЗ РЕНТЕК К-4,РЕНТЕК,1841088407,11,18,Монолит-кирпич,Комфорт,2028-06-30,275,13448.65,8.3,126053,2026-05-01,ООО РЕНТЕК СТРОЙ (ИНН: 1835054833),да,нет,Строящиеся,2025-10-10,56.8942,53.2613,1
60037,140808,18-000677,"ЖК ""Фамильный дом"". Жилой дом 3","Город Ижевск, Улица Кунгурцева Е.М.",Ижевск,СЗ РЕНТЕК К-4,РЕНТЕК,1841088407,11,18,Монолит-кирпич,Комфорт,2028-03-31,199,9994.6,21.2,103933,2024-06-01,,да,нет,Строящиеся,2024-06-07,56.8946,53.264,1
38192,118593,18-000457,ЖК «Парус Кортен»,"Город Ижевск, ул Пушкинская",Ижевск,СЗ ПАРУС ЮГ,UDS,1831194893,11,11,Монолит-кирпич,Бизнес,2026-09-30,0,0,,,,"ООО Строительная компания""Континент"" (ИНН: 1831191469)",да,нет,Строящиеся,2020-12-22,56.8656,53.2072,1
66252,147432,18-000753,ЖК Арден на Ворошилова,Город Ижевск,Ижевск,СЗ ТОР,,1840106212,18,18,Монолит-кирпич,Комфорт,2027-12-31,160,6545.61,64.4,152064,2026-06-01,"ООО ""СК Ремстрой"" (ИНН: 1840094768)",да,нет,Строящиеся,2025-06-10,56.8765,53.2674,1
68844,150242,18-000768,ЖК Арден на Орджоникидзе ,"Город Ижевск, Улица Гольянский посёлок",Ижевск,СЗ ВЫСОТА,,1800040124,2,18,Монолит-кирпич,Комфорт,2028-06-30,169,8198.92,20.5,151413,2026-06-01,"ООО ""СК Ремстрой"" (ИНН: 1840094768)",да,нет,Строящиеся,2025-11-17,56.8362,53.2452,1
69253,150652,18-000771,ЖК Арден на Селтинской,"Город Ижевск, ул Луначарского",Ижевск,СЗ ЭЛЛИПССТРОЙ,,1841093686,18,18,Монолит-кирпич,Комфорт,2028-06-30,401,17024.72,10.7,131951,2026-06-01,ООО СК Ремстрой (ИНН: 1840094768),да,нет,Строящиеся,2025-12-08,56.8335,53.1383,1
69770,151187,18-000774,ЖК Капитан,"Город Сарапул, Улица Матросова",Сарапул,СЗ СОЮЗ,,1800016763,10,10,Монолит-кирпич,Комфорт,2028-12-31,119,5109.3,23.2,68124,2026-06-01,ООО А-Групп (ИНН: 1832155819),да,нет,Строящиеся,2026-01-14,56.4447,53.7707,1
69769,151186,18-000774,ЖК Капитан,"Город Сарапул, Улица Матросова",Сарапул,СЗ СОЮЗ,,1800016763,10,10,Монолит-кирпич,Комфорт,2028-12-31,108,4647,17.7,110919,2026-06-01,ООО А-Групп (ИНН: 1832155819),да,нет,Строящиеся,2026-01-14,56.4447,53.7707,1
68835,150233,18-000767,ЖК Квартал на Горького,"Город Ижевск, Улица Красная",Ижевск,СЗ ГРИБОЕДОВ,UDS,1840070407,7,7,Кирпич,Комфорт,2028-06-30,25,1232.91,6.2,186007,2026-04-01,"ООО Строительная компания ""Континент"" (ИНН: 1831191469)",да,нет,Строящиеся,2025-11-17,56.8397,53.2019,1
68836,150234,18-000767,ЖК Квартал на Горького,"Город Ижевск, Улица Красная",Ижевск,СЗ ГРИБОЕДОВ,UDS,1840070407,1,18,Кирпич,Комфорт,2028-06-30,122,6839.89,5.9,171612,2026-05-01,"ООО Строительная компания ""Континент"" (ИНН: 1831191469)",да,нет,Строящиеся,2025-11-17,56.8397,53.2019,1
68834,150232,18-000767,ЖК Квартал на Горького,"Город Ижевск, Улица Красная",Ижевск,СЗ ГРИБОЕДОВ,UDS,1840070407,7,7,Кирпич,Комфорт,2028-06-30,25,1153.26,3.2,173679,2026-04-01,"ООО Строительная компания ""Континент"" (ИНН: 1831191469)",да,нет,Строящиеся,2025-11-17,56.8397,53.2018,1
53547,134219,18-000624,ЖК Кислород. Жилой дом №4 секции 7-8. г.,"Город Ижевск, ш",Ижевск,СЗ РЕНТЕК ЗАЛЕСНЫЙ,РЕНТЕК,1831096127,9,9,Монолит-кирпич,Комфорт,2030-12-31,56,3691.2,4.5,100000,2024-04-01,,да,нет,Строящиеся,2023-08-04,56.8968,53.2506,1
62059,142943,18-000722,ЖК Краски леса жилой дом 2,"Город Ижевск, Улица Воткинское шоссе, д. 47",Ижевск,СЗ ОЗОН,,1831202618,18,18,Монолит-кирпич,Типовой,2027-09-30,251,9163.4,38.4,126077,2026-05-01,"ООО СК ""Добрострой"" (ИНН: 1800001439)",да,нет,Строящиеся,2024-09-16,56.8979,53.2483,1
62062,142946,18-000723,ЖК Краски леса жилой дом 3,"Город Ижевск, Улица Воткинское шоссе, д. 47",Ижевск,СЗ ОЗОН,,1831202618,18,18,Монолит-кирпич,Типовой,2028-06-30,210,9427.13,,,,"ООО СК ""Добрострой"" (ИНН: 1800001439)",да,нет,Строящиеся,2024-09-16,56.8978,53.2482,1
57943,138681,18-000646,ЖК Крылья дом 1,"Город Ижевск, Улица Камбарская",Ижевск,СЗ ПЕТРОВА-1,Зардон-групп,1831157235,12,20,Монолит-кирпич,Комфорт,2027-03-31,338,15905.8,48.9,120956,2026-05-01,"ООО Стройгрупп (ИНН: 1841079554), ООО Капитал (ИНН: 9724155534)",да,нет,Строящиеся,2024-02-26,56.8395,53.2927,1
57944,138682,18-000646,ЖК Крылья дом 2,"Город Ижевск, Улица Камбарская",Ижевск,СЗ ПЕТРОВА-1,Зардон-групп,1831157235,12,20,Монолит-кирпич,Комфорт,2028-09-30,286,14871.4,15.5,112190,2026-05-01,ООО ПРОФСТРОЙ (ИНН: 1800029843),да,нет,Строящиеся,2024-02-26,56.8395,53.2927,1
71560,152992,18-000784,ЖК Покровский,Город Ижевск,Ижевск,КС ВАГНЕР СЗ,КОМОССТРОЙ,1831189808,11,18,Блоки,Комфорт,2029-09-30,423,20658.4,,,,ООО ГЛАВСПЕЦСТРОЙ (ИНН: 1831128756),да,нет,Строящиеся,2026-04-29,56.8736,53.242,1
67333,148598,18-000758,ЖК Покровский,Город Ижевск,Ижевск,КС ПАСКАЛЬ СЗ,КОМОССТРОЙ,1831157080,10,18,Монолит-кирпич,Комфорт,2028-09-30,358,16835.9,36.9,139048,2026-06-01,"ООО ""ГЛАВСПЕЦСТРОЙ"" (ИНН: 1831128756)",да,нет,Строящиеся,2025-08-27,56.8737,53.2461,1
63947,145014,18-000713,ЖК Пять континентов,Город Ижевск,Ижевск,СЗ КОНТИНЕНТ,UDS,1831185257,2,26,Другое,Бизнес,2028-09-30,145,7618,7.8,211853,2026-05-01,"ООО Строительная компания ""Континент"" (ИНН: 1831191469)",да,нет,Строящиеся,2024-12-18,56.8613,53.2035,1
60835,141608,18-000713,ЖК Пять континентов,"Город Ижевск, район Октябрьский",Ижевск,СЗ КОНТИНЕНТ,UDS,1831185257,2,15,Монолит-кирпич,Бизнес,2027-09-30,137,8928.6,27.5,156089,2026-05-01,"ООО Строительная компания ""Континент"" (ИНН: 1831191469)",да,нет,Строящиеся,2024-07-10,56.862,53.2032,1
51149,131803,18-000611,ЖК Республика,Город Ижевск,Ижевск,КС ЭКСТРА СЗ,КОМОССТРОЙ,1833031083,10,24,Другое,Бизнес,2027-12-31,326,21539.3,32.8,213750,2026-05-01,"ООО ""ГЛАВСПЕЦСТРОЙ"" (ИНН: 1831128756)",да,нет,Строящиеся,2023-03-30,56.8518,53.2018,1
58916,139654,18-000670,"ЖК Речной парк, дом 2","Город Ижевск, Улица Клубная",Ижевск,СЗ КВАРТАЛ,UDS,1832100680,4,25,Монолит-кирпич,Комфорт,2026-12-31,356,17954.2,65.1,122412,2026-05-01,"ООО Строительная компания ""Континент"" (ИНН: 1831191469)",да,нет,Строящиеся,2024-04-12,56.8306,53.153,1
53858,134526,18-000625,ЖК ЭКО Лайф Весна,"Город Ижевск, ул Карла Маркса",Ижевск,СЗ ИСК УРАЛДОМСТРОЙ,UDS,1832121908,4,26,Монолит-кирпич,Бизнес,2026-09-30,183,11810.68,56.1,169752,2026-05-01,"ООО Строительная компания ""Континент"" (ИНН: 1831191469)",да,нет,Строящиеся,2023-08-28,56.8667,53.2023,1
44418,125015,18-000522,ЖК ЭКО Лайф Весна,"Город Ижевск, район Октябрьский, Улица Карла Маркса",Ижевск,СЗ ЭКОЛАЙФ,UDS,1831176358,2,2,Монолит-кирпич,Комфорт,2026-12-31,0,0,,,,,да,нет,Строящиеся,2021-12-29,56.8669,53.2029,1
68726,150107,18-000766,"Жилой Комплекс ""Прага"". Дом №1","Город Ижевск, Улица Комсомольская",Ижевск,СЗ КАЛИНКА ПАРТНЕР,,1831204703,18,18,Монолит-кирпич,Комфорт,2028-06-30,208,8083.5,19.3,144399,2026-06-01,ООО Альфастрой (ИНН: 1840096532),да,нет,Строящиеся,2025-11-10,56.8318,53.2288,1
63770,144837,18-000728,"Жилой дом ""Домовой""","Село Завьялово, Улица Нефтяников",Завьялово,СЗ АИР-СТРОЙ ЗАВЬЯЛОВО,,1800003884,6,6,Монолит-кирпич,Типовой,2026-12-31,49,2202.18,22.3,109280,2026-03-01,"ООО Строительная компания ""ЭПЛАС"" (ИНН: 1840089084)",да,нет,Строящиеся,2024-12-12,56.8024,53.3795,1
53532,134204,18-000623,Жилой дом № 5 секции 9-10,"Город Ижевск, ш",Ижевск,СЗ РЕНТЕК ЗАЛЕСНЫЙ,РЕНТЕК,1831096127,9,9,Монолит-кирпич,Комфорт,2030-12-31,78,4659.4,6.9,100000,2024-04-01,,да,нет,Строящиеся,2023-08-04,56.8972,53.2497,1
67390,148667,18-000759,"Жилой комплекс ""Васнецово"" дом №4","Город Ижевск, Улица Васнецова",Ижевск,СЗ АСПЭК-М2,,1800019570,18,18,Монолит-кирпич,Комфорт,2026-12-31,176,6036.4,56.1,169177,2026-06-01,"ООО ""АСПЭК-Инжиниринг"" (ИНН: 9703098469)",да,нет,Строящиеся,2025-08-29,56.8577,53.2667,1
63204,144137,18-000727,"Жилой комплекс ""Знак город будущего""","Село Первомайский, Улица Строителя Николая Шишкина",Завьялово,СПЕЦЗАСТРОЙЩИК ЖЕЛЕЗНО ИЖЕВСК,Железно,1841085318,5,9,Кирпич,Комфорт,2026-12-31,246,13778.98,87.4,136837,2026-05-01,,да,нет,Строящиеся,2024-11-13,56.8705,53.3194,1
64918,146087,18-000737,"Жилой комплекс ""Неон Сити"" д.1","Город Ижевск, Улица Васнецова",Ижевск,СЗ НЕОН,УК СТИМ,1800018506,18,18,Монолит-кирпич,Типовой,2028-12-31,254,7525.41,0.8,90502,2025-03-01,"ООО Строительная компания ""ВВЕРХ"" (ИНН: 1840098378)",да,нет,Строящиеся,2025-03-17,56.8568,53.2668,1
50290,130938,18-000601,"Жилой комплекс ""Форум"" ЖК ""Форум""","Город Ижевск, Улица Холмогорова",Ижевск,СЗ ТАЛИСМАН-2,Федерация,1840115545,2,18,Монолит-кирпич,Бизнес,2026-09-30,369,23751.35,65.5,142623,2026-06-01,ООО ПС-Групп (ИНН: 1650274667),да,нет,Строящиеся,2023-01-30,56.879,53.2071,1
70686,152118,18-000778,Жилой комплекс «Знак-2»,"Село Первомайский, Улица Архитектора Сергея Макарова",Завьялово,СПЕЦЗАСТРОЙЩИК ЖЕЛЕЗНО ИЖЕВСК,Железно,1841085318,1,9,Кирпич,Комфорт,2028-06-30,224,12376.33,8.3,141350,2026-05-01,,да,нет,Строящиеся,2026-03-03,56.8743,53.3214,1
68980,150378,18-000770,Жилой комплекс «Знак-2»,"Село Первомайский, Улица Архитектора Сергея Макарова",Завьялово,СПЕЦЗАСТРОЙЩИК ЖЕЛЕЗНО ИЖЕВСК,Железно,1841085318,8,9,Кирпич,Комфорт,2027-12-31,201,11794.21,37.3,119193,2026-05-01,,да,нет,Строящиеся,2025-11-26,56.874,53.3202,1
72155,153664,18-000788,Жилой комплекс «ИКИГАЙ»,Село Первомайский,Завьялово,СПЕЦЗАСТРОЙЩИК ЖЕЛЕЗНО ИЖЕВСК,Железно,1841085318,9,9,Кирпич,Комфорт,2028-09-30,276,15275.98,,,,,да,нет,Строящиеся,2026-06-09,56.8767,53.3199,1
67200,148441,18-000757,Жилой комплекс «ИКИГАЙ»,Село Первомайский,Завьялово,СПЕЦЗАСТРОЙЩИК ЖЕЛЕЗНО ИЖЕВСК,Железно,1841085318,9,9,Кирпич,Комфорт,2027-06-30,137,7494.78,34.8,149319,2026-05-01,,да,нет,Строящиеся,2025-08-19,56.8759,53.3196,1
64698,145863,18-000734,Жилой комплекс «ИКИГАЙ»,"Село Первомайский, Улица Архитектора Сергея Макарова",Завьялово,СПЕЦЗАСТРОЙЩИК ЖЕЛЕЗНО ИЖЕВСК,Железно,1841085318,2,10,Кирпич,Комфорт,2026-12-31,280,15917.47,61.2,156185,2026-05-01,,да,нет,Строящиеся,2025-03-03,56.8746,53.3179,1
71511,152943,18-000782,Жилой комплекс «Метафора»,"Город Ижевск, Улица 9-я Подлесная",Ижевск,СЗ СПУТНИК,Символ Девелопмент,1841070495,1,18,Монолит-кирпич,Бизнес,2029-03-31,311,16117.6,2.8,169621,2026-06-01,ООО ВРК (ИНН: 1841074468),да,нет,Строящиеся,2026-04-24,56.8726,53.1813,1
67556,148834,18-000760,Жилой комплекс «Миры»,"Город Ижевск, Улица",Ижевск,ГРИНХИЛЛ СЗ,Железно,9704222567,14,17,Монолит-кирпич,Бизнес,2028-09-30,321,18048.37,26.4,188520,2026-05-01,,да,нет,Строящиеся,2025-09-08,56.8792,53.2096,1
56087,136801,18-000638,Жилой комплекс Океан Сити,"Город Ижевск, Улица Пушкинская",Ижевск,СЗ ОКЕАН СИТИ,UDS,1841076200,35,35,Другое,Бизнес,2027-09-30,252,17087.67,22.1,226942,2026-05-01,"ООО Строительная компания ""Континент"" (ИНН: 1831191469)",да,нет,Строящиеся,2023-12-05,56.8623,53.208,1
56093,136807,18-000639,Жилой комплекс Океан Сити,"Город Ижевск, Улица Пушкинская",Ижевск,СЗ ОКЕАН СИТИ,UDS,1841076200,17,17,Другое,Бизнес,2026-09-30,87,4884.72,38.9,182686,2026-05-01,"ООО Строительная Компания ""Континент"" (ИНН: 1831191469)",да,нет,Строящиеся,2023-12-05,56.862,53.2069,1
54421,135080,18-000631,Кварталы АРТНОВА дом К5.1,"Город Ижевск, Улица Союзная",Ижевск,СЗ АСПЭК-А,АСПЭК-Домстрой,1831202512,16,17,Монолит-кирпич,Комфорт,2028-06-30,142,7351.8,4.0,135315,2026-06-01,"ООО ""АСПЭК-Инжиниринг"" (ИНН: 9703098469)",да,нет,Строящиеся,2023-09-22,56.8452,53.3076,1
69342,150744,18-000772,МЕХАНИКОН,"Город Ижевск, Улица Комсомольская",Ижевск,КОМОССТРОЙ САНТИ СЗ,КОМОССТРОЙ,1831195713,1,18,Монолит-кирпич,Комфорт,2028-09-30,160,7276.5,1.9,159308,2026-03-01,"ООО ""ГЛАВСПЕЦСТРОЙ"" (ИНН: 1831128756)",да,нет,Строящиеся,2025-12-11,56.8319,53.2295,1
65380,146554,18-000743,"Микрорайон ""Богатыри"" Жилой дом 15",Деревня Хохряки,Завьялово,СПЕЦЗАСТРОЙЩИК РАЗВИТИЕ,,1840009120,5,9,Монолит-кирпич,Комфорт,2028-09-30,216,9712.4,5.6,133750,2026-06-01,ООО Домостроительное Управление (ИНН: 1800027331),да,нет,Строящиеся,2025-04-14,56.9104,53.3289,1
65381,146555,18-000743,"Микрорайон ""Богатыри"" Жилой дом 16",Деревня Хохряки,Завьялово,СПЕЦЗАСТРОЙЩИК РАЗВИТИЕ,,1840009120,5,9,Монолит-кирпич,Комфорт,2028-03-31,205,9662.9,6.7,127886,2026-06-01,ООО Домостроительное Управление (ИНН: 1800027331),да,нет,Строящиеся,2025-04-14,56.9101,53.3302,1
62246,143130,18-000724,Настроение,"Город Ижевск, Улица Васнецова",Ижевск,СЗ 40 ЛЕТ ПОБЕДЫ-8,АССО-Строй,1831201879,17,17,Монолит-кирпич,Комфорт,2026-12-31,177,8288.6,80.7,134456,2026-05-01,"ООО ""АССО-строй"" (ИНН: 1832042879)",да,нет,Строящиеся,2024-09-23,56.8644,53.2734,1
66437,147623,18-000754,"Новый город, Восьмой квартал","Город Ижевск, Улица Фруктовая",Ижевск,СЗ ФОРВАРД,Острова,1800007960,2,17,Монолит-кирпич,Комфорт,2028-12-31,315,20188.8,24.5,153188,2026-06-01,ООО СК Ремстрой (ИНН: 1840094768),да,нет,Строящиеся,2025-06-25,56.8801,53.1961,1
61876,142721,18-000721,Норвежский лес,"Город Ижевск, Улица Ворошилова",Ижевск,КОМОССТРОЙ СИНАЙ СЗ,КОМОССТРОЙ,1831194117,18,18,Монолит-кирпич,Комфорт,2027-09-30,176,8194.3,37.1,144230,2026-06-01,"ООО ""ГЛАВСПЕЦСТРОЙ"" (ИНН: 1831128756)",да,нет,Строящиеся,2024-09-03,56.8705,53.2724,1
61877,142722,18-000721,Норвежский лес,"Город Ижевск, Улица Ворошилова",Ижевск,КОМОССТРОЙ СИНАЙ СЗ,КОМОССТРОЙ,1831194117,18,18,Монолит-кирпич,Комфорт,2028-09-30,320,15291.2,36.0,138473,2026-06-01,"ООО ""ГЛАВСПЕЦСТРОЙ"" (ИНН: 1831128756)",да,нет,Строящиеся,2024-09-03,56.8712,53.2727,1
57945,138683,18-000646,"Паркинг ЖК Крылья (дом 1, дом 2)","Город Ижевск, Улица Камбарская",Ижевск,СЗ ПЕТРОВА-1,Зардон-групп,1831157235,1,1,Монолит-кирпич,Комфорт,2027-03-31,0,0,32.7,84464,2024-11-01,"ООО Стройгрупп (ИНН: 1841079554), ООО Капитал (ИНН: 9724155534)",да,нет,Строящиеся,2024-02-26,56.8395,53.2927,1
71759,153191,18-000785,Санвилл. Жилой дом № 8,Село Первомайский,Завьялово,КОМОССТРОЙ БОРН СЗ,КОМОССТРОЙ,1831200321,6,6,Монолит-кирпич,Комфорт,2028-12-31,213,9487.2,0.4,139782,2026-06-01,ООО ГЛАВСПЕЦСТРОЙ (ИНН: 1831128756),да,нет,Строящиеся,2026-05-18,56.8789,53.3088,1
71760,153192,18-000785,Санвилл. Жилой дом № 9,Село Первомайский,Завьялово,КОМОССТРОЙ БОРН СЗ,КОМОССТРОЙ,1831200321,6,6,Монолит-кирпич,Комфорт,2028-12-31,40,2483.2,,,,ООО ГЛАВСПЕЦСТРОЙ (ИНН: 1831128756),да,нет,Строящиеся,2026-05-18,56.879,53.3092,1
49756,130396,18-000593,Санвилл.Жилой дом 7,Село Первомайский,Завьялово,КОМОССТРОЙ БОРН СЗ,КОМОССТРОЙ,1831200321,6,6,Кирпич,Комфорт,2026-09-30,283,12352.4,77.9,126535,2026-06-01,ООО ГЛАВСПЕЦСТРОЙ (ИНН: 1831128756),да,нет,Строящиеся,2022-12-26,56.8759,53.3116,1
58748,139486,18-000666,Седьмое Небо Дом 5,"город Ижевск, ул Академика Павлова",Ижевск,СЗ МОНОЛИТ,Литум,1831170645,9,18,Монолит-кирпич,Комфорт,2026-09-30,140,8134.11,66.9,142262,2026-05-01,ООО ПРЕМИУМ (ИНН: 1832157982),да,нет,Строящиеся,2024-04-04,56.8451,53.2669,1
64722,145887,18-000735,Скандинавия,"Город Ижевск, Улица Васнецова",Ижевск,КОМОССТРОЙ РУССО СЗ,КОМОССТРОЙ,1831195738,14,18,Другое,Комфорт,2027-12-31,286,13363.4,41.3,155408,2026-06-01,ООО ГЛАВСПЕЦСТРОЙ (ИНН: 1831128756),да,нет,Строящиеся,2025-03-05,56.8513,53.2673,1
70087,151517,18-000775,Скандинавия 8,"Город Ижевск, Улица Васнецова",Ижевск,КС ШОПЕН СЗ,КОМОССТРОЙ,1831189798,17,17,Другое,Комфорт,2028-12-31,180,8447.5,15.6,142132,2026-06-01,ООО ГЛАВСПЕЦСТРОЙ (ИНН: 1831128756),да,нет,Строящиеся,2026-01-29,56.8515,53.2699,1
54003,134671,18-000628,Скандинавия.Дом 11,"Город Ижевск, Улица Васнецова",Ижевск,КС ШОПЕН СЗ,КОМОССТРОЙ,1831189798,17,17,Другое,Комфорт,2026-09-30,240,10491.2,85.6,146479,2026-06-01,ООО ГЛАВСПЕЦСТРОЙ (ИНН: 1831128756),да,нет,Строящиеся,2023-09-04,56.8504,53.2663,1
54004,134670,18-000628,Скандинавия.Дом 12,"Город Ижевск, Улица Васнецова",Ижевск,КС ШОПЕН СЗ,КОМОССТРОЙ,1831189798,10,17,Другое,Комфорт,2026-09-30,119,6588.6,78.6,135325,2026-06-01,ООО ГЛАВСПЕЦСТРОЙ (ИНН: 1831128756),да,нет,Строящиеся,2023-09-04,56.8508,53.2668,1
70373,151803,18-000777,Таун-парк Спасский 1884,Деревня Хохряки,Завьялово,СЗ РЕГИОН-2,Федерация,1840104399,2,2,Кирпич,Комфорт,2027-09-30,5,640.6,,,,"ООО ""ПС-ГРУПП"" (ИНН: 1650274667)",да,нет,Строящиеся,2026-02-16,56.9167,53.3399,1
65439,146613,18-000745,Таун-парк Спасский 1884,Деревня Хохряки,Завьялово,СЗ РЕГИОН-2,Федерация,1840104399,2,2,Кирпич,Комфорт,2026-09-30,7,857.2,26.8,85538,2026-01-01,"ООО ""ПС-ГРУПП"" (ИНН: 1650274667)",да,нет,Строящиеся,2025-04-17,56.9187,53.3405,1
65435,146609,18-000744,Таун-парк Спасский 1884,Деревня Хохряки,Завьялово,СЗ РЕГИОН-2,Федерация,1840104399,2,3,Кирпич,Комфорт,2026-09-30,8,1077.4,,,,"ООО ""ПС-ГРУПП"" (ИНН: 1650274667)",да,нет,Строящиеся,2025-04-17,56.9187,53.3404,1
65440,146614,18-000746,Таун-парк Спасский 1884,Деревня Хохряки,Завьялово,СЗ РЕГИОН-2,Федерация,1840104399,2,2,Кирпич,Комфорт,2026-09-30,4,512.4,,,,"ООО ""ПС-ГРУПП"" (ИНН: 1650274667)",да,нет,Строящиеся,2025-04-17,56.9185,53.3405,1
64574,145739,18-000730,Таун-парк Спасский 1884,Деревня Хохряки,Завьялово,СЗ РЕГИОН-2,Федерация,1840104399,2,2,Кирпич,Комфорт,2026-09-30,5,627.67,39.8,69031,2026-06-01,"ООО ""ПС-ГРУПП"" (ИНН: 1650274667)",да,нет,Строящиеся,2025-02-18,56.918,53.3384,1
64583,145748,18-000733,Таун-парк Спасский 1884,Деревня Хохряки,Завьялово,СЗ РЕГИОН-2,Федерация,1840104399,2,3,Кирпич,Комфорт,2026-09-30,7,958.29,21.2,65160,2025-10-01,"ООО ""ПС-ГРУПП"" (ИНН: 1650274667)",да,нет,Строящиеся,2025-02-18,56.9184,53.3402,1
64581,145746,18-000731,Таун-парк Спасский 1884,Деревня Хохряки,Завьялово,СЗ РЕГИОН-2,Федерация,1840104399,2,2,Кирпич,Комфорт,2026-09-30,8,953.25,32.0,67200,2026-03-01,"ООО ""ПС-ГРУПП"" (ИНН: 1650274667)",да,нет,Строящиеся,2025-02-18,56.9187,53.3407,1
64582,145747,18-000732,Таун-парк Спасский 1884,Деревня Хохряки,Завьялово,СЗ РЕГИОН-2,Федерация,1840104399,2,2,Кирпич,Комфорт,2026-09-30,4,512.22,,,,"ООО ""ПС-ГРУПП"" (ИНН: 1650274667)",да,нет,Строящиеся,2025-02-18,56.9184,53.3384,1
72461,154015,18-000789,,"Город Глазов, Улица Пехтина, д. 15/1",Глазов,СЗ НАМУС,,1800037266,10,15,Монолит-кирпич,Комфорт,2028-12-31,166,9098.36,,,,ООО СТРОИТЕЛЬНАЯ КОМПАНИЯ РЕМСТРОЙ (ИНН: 1840094768),да,нет,Строящиеся,2026-06-26,58.1332,52.6927,1
72107,153616,18-000787,,"Город Ижевск, Улица Архитектора Берша П.П.",Ижевск,СЗ АСПЭК-ЧАЙКОВСКИЙ,АСПЭК-Домстрой,1831197301,18,18,Монолит-кирпич,Комфорт,2028-06-30,128,7819.6,4.4,126904,2026-06-01,ООО ГРАДСТРОЙ (ИНН: 1800046983),да,нет,Строящиеся,2026-06-05,56.867,53.3087,1
71521,152953,18-000783,,"Город Ижевск, Улица Карла Маркса",Ижевск,СЗ АСПЭК-ВЕГА,,1800037756,17,18,Монолит-кирпич,Комфорт,2027-12-31,239,12124.7,,,,"ООО ""АСПЭК-ИНЖИНИРИНГ"" (ИНН: 9703098469)",да,нет,Строящиеся,2026-04-27,56.874,53.2009,1
71522,152954,18-000783,,"Город Ижевск, Улица Карла Маркса",Ижевск,СЗ АСПЭК-ВЕГА,,1800037756,17,18,Монолит-кирпич,Комфорт,2028-06-30,181,8748.7,0.7,182410,2026-06-01,"ООО ""АСПЭК-ИНЖИНИРИНГ"" (ИНН: 9703098469)",да,нет,Строящиеся,2026-04-27,56.874,53.2006,1
69753,151170,18-000773,,"Город Ижевск, Улица Подлесная 3-я",Ижевск,СЗ РИМ,Римский Квадрат,1831205947,3,19,Монолит-кирпич,Комфорт,2028-06-30,169,9966.3,9.6,173241,2026-05-01,ООО СГУ 18 (ИНН: 1831200843),да,нет,Строящиеся,2026-01-13,56.8651,53.188,1
